{
  "meta": {
    "n_images": 100,
    "loss": "rpn",
    "osfd_k": 3.0,
    "epsilon_px": 8.0,
    "n_iters": 40,
    "step_size_px": 2.0,
    "momentum": 0.9,
    "n_masks": 1,
    "pruning_scope": "backbone",
    "pruning_rate": 0.0,
    "pruning_types": null,
    "aux_model": null
  },
  "clean_mAP": {
    "surrogate": {
      "AP": 0.47917332617449754,
      "AP50": 0.6818722971801208,
      "AP75": 0.52338331421745
    },
    "fcos_r50": {
      "AP": 0.4801684468714137,
      "AP50": 0.6763637596259137,
      "AP75": 0.5204684622452268
    },
    "deformable_detr": {
      "AP": 0.5687710426436936,
      "AP50": 0.7417114188491208,
      "AP75": 0.628633790231593
    },
    "yolov3_d53": {
      "AP": 0.40823176858260607,
      "AP50": 0.6211010808252054,
      "AP75": 0.4781820457145966
    },
    "yolox_l": {
      "AP": 0.6168205894795622,
      "AP50": 0.7706909105573231,
      "AP75": 0.6902590350436449
    },
    "mask_rcnn_swin_t": {
      "AP": 0.5511484605876253,
      "AP50": 0.768697576177272,
      "AP75": 0.6000742879140478
    },
    "dino_swin_l": {
      "AP": 0.6762456355426057,
      "AP50": 0.8419041100893817,
      "AP75": 0.7492867189231052
    }
  },
  "adv_mAP": {
    "surrogate": {
      "AP": 0.25400119305880553,
      "AP50": 0.37568723528036213,
      "AP75": 0.27324760604485465
    },
    "fcos_r50": {
      "AP": 0.4126302463460162,
      "AP50": 0.6026721903440394,
      "AP75": 0.4498426391991961
    },
    "deformable_detr": {
      "AP": 0.45248892609318,
      "AP50": 0.6076816791784804,
      "AP75": 0.5044901804775785
    },
    "yolov3_d53": {
      "AP": 0.37204530686485404,
      "AP50": 0.5968588506290966,
      "AP75": 0.4179389368105563
    },
    "yolox_l": {
      "AP": 0.594372317891147,
      "AP50": 0.7543353715175938,
      "AP75": 0.6517895044566518
    },
    "mask_rcnn_swin_t": {
      "AP": 0.5097708103039391,
      "AP50": 0.7225642202974979,
      "AP75": 0.5711308345854231
    },
    "dino_swin_l": {
      "AP": 0.6645228911993862,
      "AP50": 0.8397970802493593,
      "AP75": 0.7230579423804558
    }
  },
  "wb_asr": 0.4934875663552134,
  "trf_asr": {
    "fcos_r50": 0.1755413059163059,
    "deformable_detr": 0.2782185258262624,
    "yolov3_d53": 0.0821374458874459,
    "yolox_l": 0.06303460690496293,
    "mask_rcnn_swin_t": 0.08609612854465797,
    "dino_swin_l": 0.034255291005291004
  },
  "wb_per_image": [
    0.4444444444444444,
    1.0,
    0.0,
    1.0,
    0.75,
    0.6666666666666666,
    0.7,
    0.17647058823529413,
    0.5,
    0.0,
    1.0,
    0.125,
    0.0,
    0.0,
    0.3333333333333333,
    0.5,
    0.6666666666666666,
    0.6666666666666666,
    0.35714285714285715,
    0.0,
    0.3333333333333333,
    1.0,
    1.0,
    0.4,
    0.375,
    1.0,
    1.0,
    0.75,
    0.5,
    0.5454545454545454,
    1.0,
    1.0,
    0.0,
    1.0,
    0.21428571428571427,
    0.0,
    0.8,
    1.0,
    0.3333333333333333,
    1.0,
    0.5,
    0.38461538461538464,
    0.5,
    1.0,
    1.0,
    0.3076923076923077,
    0.3,
    0.4,
    1.0,
    0.0,
    0.5,
    0.5,
    1.0,
    0.4,
    0.2,
    0.6666666666666666,
    0.0,
    0.5,
    1.0,
    1.0,
    0.8571428571428571,
    0.0,
    0.0,
    0.25,
    1.0,
    0.5,
    0.0,
    0.5,
    0.375,
    0.625,
    0.0,
    0.0,
    0.4,
    0.0,
    0.4,
    0.7142857142857143,
    0.0,
    0.875,
    0.0,
    0.1111111111111111,
    0.5,
    1.0,
    0.5,
    0.2,
    1.0,
    0.0,
    0.5,
    1.0,
    1.0,
    0.8,
    0.5,
    0.0,
    1.0,
    0.5,
    0.0,
    0.0,
    0.4444444444444444,
    0.0,
    0.0,
    0.5
  ]
}