{
  "meta": {
    "n_images": 100,
    "loss": "osfd",
    "osfd_k": 3.0,
    "epsilon_px": 8.0,
    "n_iters": 40,
    "step_size_px": 2.0,
    "momentum": 0.9,
    "n_masks": 1,
    "pruning_scope": "backbone",
    "pruning_rate": 0.0,
    "pruning_types": null,
    "aux_model": null,
    "low_freq_keep": 0.0,
    "patch_mask_size": 0,
    "patch_mask_count": 4
  },
  "clean_mAP": {
    "surrogate": {
      "AP": 0.5033212434719229,
      "AP50": 0.7176182720855805,
      "AP75": 0.5407217090094046
    },
    "fcos_r50": {
      "AP": 0.4727573838984877,
      "AP50": 0.6490356768027415,
      "AP75": 0.5007081380151347
    },
    "deformable_detr": {
      "AP": 0.5549425987487542,
      "AP50": 0.7278863020192412,
      "AP75": 0.5829137644254688
    },
    "yolov3_d53": {
      "AP": 0.44554968360764324,
      "AP50": 0.6545416585084273,
      "AP75": 0.4943450301001003
    },
    "yolox_l": {
      "AP": 0.5990644535722397,
      "AP50": 0.7546490484406234,
      "AP75": 0.6381842195687771
    },
    "mask_rcnn_swin_t": {
      "AP": 0.5382817776048221,
      "AP50": 0.7498002824651331,
      "AP75": 0.5738219642000043
    },
    "dino_swin_l": {
      "AP": 0.6594335544852405,
      "AP50": 0.8138563826556167,
      "AP75": 0.7332261477956664
    }
  },
  "adv_mAP": {
    "surrogate": {
      "AP": 0.032048866034472996,
      "AP50": 0.05513971497336038,
      "AP75": 0.029550571962358628
    },
    "fcos_r50": {
      "AP": 0.21128893830481954,
      "AP50": 0.3290726490335345,
      "AP75": 0.2202682650362951
    },
    "deformable_detr": {
      "AP": 0.10294297308702527,
      "AP50": 0.1555746282877957,
      "AP75": 0.10085893415191723
    },
    "yolov3_d53": {
      "AP": 0.30656669013305343,
      "AP50": 0.47630309506532204,
      "AP75": 0.32955799381232115
    },
    "yolox_l": {
      "AP": 0.45058730516601453,
      "AP50": 0.6073894431694811,
      "AP75": 0.4909969498978326
    },
    "mask_rcnn_swin_t": {
      "AP": 0.380197724176588,
      "AP50": 0.5685085640593645,
      "AP75": 0.395332402288551
    },
    "dino_swin_l": {
      "AP": 0.6182650304937543,
      "AP50": 0.7801309305344537,
      "AP75": 0.6543216883412852
    }
  },
  "wb_asr": 0.8743902001710652,
  "trf_asr": {
    "fcos_r50": 0.5477750565760771,
    "deformable_detr": 0.7760419002765943,
    "yolov3_d53": 0.23465567878833182,
    "yolox_l": 0.18299272037188255,
    "mask_rcnn_swin_t": 0.2181167930656147,
    "dino_swin_l": 0.1104441563070667
  },
  "wb_per_image": [
    0.631578947368421,
    0.5,
    1.0,
    0.0,
    0.8823529411764706,
    1.0,
    0.5,
    1.0,
    0.6666666666666666,
    1.0,
    1.0,
    1.0,
    1.0,
    1.0,
    1.0,
    1.0,
    0.4,
    0.6,
    0.5,
    0.75,
    1.0,
    1.0,
    1.0,
    0.38461538461538464,
    1.0,
    0.42857142857142855,
    1.0,
    1.0,
    1.0,
    1.0,
    0.0,
    1.0,
    1.0,
    1.0,
    0.25,
    0.6666666666666666,
    0.75,
    1.0,
    1.0,
    1.0,
    1.0,
    1.0,
    1.0,
    1.0,
    0.3333333333333333,
    0.21428571428571427,
    1.0,
    1.0,
    1.0,
    1.0,
    1.0,
    1.0,
    1.0,
    1.0,
    1.0,
    1.0,
    1.0,
    0.6666666666666666,
    1.0,
    0.6666666666666666,
    0.8571428571428571,
    1.0,
    1.0,
    0.9411764705882353,
    1.0,
    0.9375,
    1.0,
    0.9285714285714286,
    0.6666666666666666,
    0.8,
    1.0,
    1.0,
    1.0,
    1.0,
    0.75,
    1.0,
    0.8,
    1.0,
    1.0,
    1.0,
    0.8,
    1.0,
    1.0,
    0.64,
    1.0,
    0.7777777777777778,
    1.0,
    1.0,
    1.0,
    1.0,
    1.0,
    1.0,
    1.0,
    1.0,
    1.0,
    1.0,
    1.0,
    1.0
  ]
}