{
  "meta": {
    "n_images": 100,
    "loss": "rpn",
    "osfd_k": 3.0,
    "epsilon_px": 8.0,
    "n_iters": 40,
    "step_size_px": 2.0,
    "momentum": 0.9,
    "n_masks": 2,
    "pruning_scope": "backbone",
    "pruning_rate": 0.05,
    "pruning_types": [
      "Normalization"
    ],
    "aux_model": null
  },
  "clean_mAP": {
    "surrogate": {
      "AP": 0.47917332617449754,
      "AP50": 0.6818722971801208,
      "AP75": 0.52338331421745
    },
    "fcos_r50": {
      "AP": 0.4801684468714137,
      "AP50": 0.6763637596259137,
      "AP75": 0.5204684622452268
    },
    "deformable_detr": {
      "AP": 0.5687710426436936,
      "AP50": 0.7417114188491208,
      "AP75": 0.628633790231593
    },
    "yolov3_d53": {
      "AP": 0.40823176858260607,
      "AP50": 0.6211010808252054,
      "AP75": 0.4781820457145966
    },
    "yolox_l": {
      "AP": 0.6168205894795622,
      "AP50": 0.7706909105573231,
      "AP75": 0.6902590350436449
    },
    "mask_rcnn_swin_t": {
      "AP": 0.5511484605876253,
      "AP50": 0.768697576177272,
      "AP75": 0.6000742879140478
    },
    "dino_swin_l": {
      "AP": 0.6762456355426057,
      "AP50": 0.8419041100893817,
      "AP75": 0.7492867189231052
    }
  },
  "adv_mAP": {
    "surrogate": {
      "AP": 0.10665329155780566,
      "AP50": 0.16443133026948287,
      "AP75": 0.12015145324250759
    },
    "fcos_r50": {
      "AP": 0.3280676781466358,
      "AP50": 0.5427288821447819,
      "AP75": 0.3427892925574762
    },
    "deformable_detr": {
      "AP": 0.2349884996232836,
      "AP50": 0.3323751164180215,
      "AP75": 0.252853121932217
    },
    "yolov3_d53": {
      "AP": 0.3631601758617559,
      "AP50": 0.5714224675745784,
      "AP75": 0.4227399055046822
    },
    "yolox_l": {
      "AP": 0.5753244775905356,
      "AP50": 0.7257398682839932,
      "AP75": 0.6314814866230244
    },
    "mask_rcnn_swin_t": {
      "AP": 0.49050177839310255,
      "AP50": 0.7032364861536409,
      "AP75": 0.5465014085365892
    },
    "dino_swin_l": {
      "AP": 0.6788724579268366,
      "AP50": 0.8555524824676342,
      "AP75": 0.7438040705509591
    }
  },
  "wb_asr": 0.7557782470797175,
  "trf_asr": {
    "fcos_r50": 0.3522963564213564,
    "deformable_detr": 0.633115931134793,
    "yolov3_d53": 0.13690281940281937,
    "yolox_l": 0.13396292591996928,
    "mask_rcnn_swin_t": 0.14274088493206138,
    "dino_swin_l": 0.03820171957671958
  },
  "wb_per_image": [
    0.5555555555555556,
    1.0,
    1.0,
    0.6666666666666666,
    1.0,
    1.0,
    1.0,
    0.7647058823529411,
    1.0,
    0.0,
    1.0,
    0.125,
    1.0,
    1.0,
    0.6666666666666666,
    1.0,
    1.0,
    0.0,
    0.6428571428571429,
    0.3333333333333333,
    1.0,
    1.0,
    1.0,
    0.4,
    0.375,
    1.0,
    1.0,
    0.25,
    1.0,
    0.6363636363636364,
    1.0,
    1.0,
    0.0,
    1.0,
    0.42857142857142855,
    0.0,
    1.0,
    1.0,
    0.3333333333333333,
    1.0,
    0.5,
    0.9230769230769231,
    1.0,
    1.0,
    1.0,
    0.6153846153846154,
    0.4,
    1.0,
    1.0,
    1.0,
    0.5,
    1.0,
    1.0,
    0.6,
    0.6,
    0.6666666666666666,
    1.0,
    0.5,
    1.0,
    1.0,
    1.0,
    1.0,
    1.0,
    0.75,
    1.0,
    1.0,
    1.0,
    1.0,
    0.6875,
    1.0,
    1.0,
    0.3333333333333333,
    0.6,
    0.0,
    0.8,
    0.8571428571428571,
    0.5,
    1.0,
    0.0,
    0.5555555555555556,
    0.8,
    1.0,
    1.0,
    0.4,
    1.0,
    1.0,
    1.0,
    1.0,
    1.0,
    0.8666666666666667,
    0.5,
    0.0,
    1.0,
    1.0,
    1.0,
    0.6666666666666666,
    0.7777777777777778,
    0.0,
    0.0,
    1.0
  ]
}