{
  "meta": {
    "n_images": 100,
    "loss": "osfd",
    "osfd_k": 3.0,
    "epsilon_px": 8.0,
    "n_iters": 40,
    "step_size_px": 2.0,
    "momentum": 0.9,
    "n_masks": 2,
    "pruning_scope": "backbone",
    "pruning_rate": 0.05,
    "pruning_types": [
      "Normalization"
    ],
    "aux_model": null
  },
  "clean_mAP": {
    "surrogate": {
      "AP": 0.47917332617449754,
      "AP50": 0.6818722971801208,
      "AP75": 0.52338331421745
    },
    "fcos_r50": {
      "AP": 0.4801684468714137,
      "AP50": 0.6763637596259137,
      "AP75": 0.5204684622452268
    },
    "deformable_detr": {
      "AP": 0.5687710426436936,
      "AP50": 0.7417114188491208,
      "AP75": 0.628633790231593
    },
    "yolov3_d53": {
      "AP": 0.40823176858260607,
      "AP50": 0.6211010808252054,
      "AP75": 0.4781820457145966
    },
    "yolox_l": {
      "AP": 0.6168205894795622,
      "AP50": 0.7706909105573231,
      "AP75": 0.6902590350436449
    },
    "mask_rcnn_swin_t": {
      "AP": 0.5511484605876253,
      "AP50": 0.768697576177272,
      "AP75": 0.6000742879140478
    },
    "dino_swin_l": {
      "AP": 0.6762456355426057,
      "AP50": 0.8419041100893817,
      "AP75": 0.7492867189231052
    }
  },
  "adv_mAP": {
    "surrogate": {
      "AP": 0.011628714005527521,
      "AP50": 0.018902650498162667,
      "AP75": 0.014125133395824465
    },
    "fcos_r50": {
      "AP": 0.11446678680105744,
      "AP50": 0.17935326937790722,
      "AP75": 0.13525121922187966
    },
    "deformable_detr": {
      "AP": 0.03801105292874172,
      "AP50": 0.05334327265349203,
      "AP75": 0.04074419686198555
    },
    "yolov3_d53": {
      "AP": 0.27670803647923764,
      "AP50": 0.42340720107359353,
      "AP75": 0.3236949659754332
    },
    "yolox_l": {
      "AP": 0.43326518391783736,
      "AP50": 0.5727236657420713,
      "AP75": 0.48551032737037825
    },
    "mask_rcnn_swin_t": {
      "AP": 0.36985518692121966,
      "AP50": 0.5465013504900762,
      "AP75": 0.41146940210863614
    },
    "dino_swin_l": {
      "AP": 0.6498381430163747,
      "AP50": 0.8177468226739367,
      "AP75": 0.7057854978612441
    }
  },
  "wb_asr": 0.9066659035409035,
  "trf_asr": {
    "fcos_r50": 0.687987012987013,
    "deformable_detr": 0.8675816799355802,
    "yolov3_d53": 0.3096107226107226,
    "yolox_l": 0.27237665718354576,
    "mask_rcnn_swin_t": 0.2626374058947588,
    "dino_swin_l": 0.09845375457875458
  },
  "wb_per_image": [
    0.8888888888888888,
    1.0,
    1.0,
    1.0,
    1.0,
    1.0,
    1.0,
    1.0,
    1.0,
    0.0,
    1.0,
    1.0,
    1.0,
    1.0,
    1.0,
    1.0,
    1.0,
    1.0,
    0.7857142857142857,
    0.6666666666666666,
    1.0,
    1.0,
    1.0,
    1.0,
    0.5,
    1.0,
    1.0,
    1.0,
    1.0,
    1.0,
    1.0,
    1.0,
    0.0,
    1.0,
    1.0,
    0.6666666666666666,
    1.0,
    1.0,
    0.3333333333333333,
    1.0,
    0.5,
    1.0,
    1.0,
    1.0,
    1.0,
    0.8461538461538461,
    1.0,
    1.0,
    1.0,
    1.0,
    1.0,
    1.0,
    1.0,
    0.8,
    0.8,
    1.0,
    1.0,
    1.0,
    1.0,
    1.0,
    1.0,
    1.0,
    1.0,
    1.0,
    1.0,
    1.0,
    1.0,
    1.0,
    0.8125,
    1.0,
    1.0,
    1.0,
    1.0,
    1.0,
    1.0,
    1.0,
    1.0,
    1.0,
    0.0,
    0.7777777777777778,
    0.9,
    1.0,
    1.0,
    1.0,
    1.0,
    1.0,
    1.0,
    1.0,
    1.0,
    1.0,
    1.0,
    0.5,
    1.0,
    1.0,
    1.0,
    1.0,
    0.8888888888888888,
    0.0,
    0.0,
    1.0
  ]
}