{
  "meta": {
    "n_images": 100,
    "loss": "osfd",
    "osfd_k": 3.0,
    "epsilon_px": 8.0,
    "n_iters": 40,
    "step_size_px": 2.0,
    "momentum": 0.9,
    "n_masks": 2,
    "pruning_scope": "backbone",
    "pruning_rate": 0.05,
    "pruning_types": [
      "Normalization"
    ],
    "aux_model": null,
    "low_freq_keep": 0.5,
    "patch_mask_size": 0,
    "patch_mask_count": 4
  },
  "clean_mAP": {
    "surrogate": {
      "AP": 0.5033212434719229,
      "AP50": 0.7176182720855805,
      "AP75": 0.5407217090094046
    },
    "fcos_r50": {
      "AP": 0.4727573838984877,
      "AP50": 0.6490356768027415,
      "AP75": 0.5007081380151347
    },
    "deformable_detr": {
      "AP": 0.5549425987487542,
      "AP50": 0.7278863020192412,
      "AP75": 0.5829137644254688
    },
    "yolov3_d53": {
      "AP": 0.44554968360764324,
      "AP50": 0.6545416585084273,
      "AP75": 0.4943450301001003
    },
    "yolox_l": {
      "AP": 0.5990644535722397,
      "AP50": 0.7546490484406234,
      "AP75": 0.6381842195687771
    },
    "mask_rcnn_swin_t": {
      "AP": 0.5382817776048221,
      "AP50": 0.7498002824651331,
      "AP75": 0.5738219642000043
    },
    "dino_swin_l": {
      "AP": 0.6594335544852405,
      "AP50": 0.8138563826556167,
      "AP75": 0.7332261477956664
    }
  },
  "adv_mAP": {
    "surrogate": {
      "AP": 7.614025595844761e-06,
      "AP50": 1.9652968975056508e-05,
      "AP75": 4.264451426299085e-07
    },
    "fcos_r50": {
      "AP": 0.05200526583780267,
      "AP50": 0.08642502033263355,
      "AP75": 0.051703310628586054
    },
    "deformable_detr": {
      "AP": 0.0015193434854334745,
      "AP50": 0.0021851253558958315,
      "AP75": 0.0020466356764220995
    },
    "yolov3_d53": {
      "AP": 0.20557461826171108,
      "AP50": 0.3098862979004119,
      "AP75": 0.22170229659921978
    },
    "yolox_l": {
      "AP": 0.31934049098342293,
      "AP50": 0.4251504187824021,
      "AP75": 0.349317528829607
    },
    "mask_rcnn_swin_t": {
      "AP": 0.2422544180337135,
      "AP50": 0.3684538689580482,
      "AP75": 0.26452136588907144
    },
    "dino_swin_l": {
      "AP": 0.5654293975971744,
      "AP50": 0.7378025149160916,
      "AP75": 0.6070794469733375
    }
  },
  "wb_asr": 0.9865889212827988,
  "trf_asr": {
    "fcos_r50": 0.9320077739720597,
    "deformable_detr": 0.9654509606040218,
    "yolov3_d53": 0.5443238026146189,
    "yolox_l": 0.5084866023104476,
    "mask_rcnn_swin_t": 0.48489951904662526,
    "dino_swin_l": 0.14858762638820314
  },
  "wb_per_image": [
    1.0,
    1.0,
    1.0,
    0.0,
    1.0,
    1.0,
    1.0,
    1.0,
    1.0,
    1.0,
    1.0,
    1.0,
    1.0,
    1.0,
    1.0,
    1.0,
    1.0,
    0.9,
    1.0,
    1.0,
    1.0,
    1.0,
    1.0,
    1.0,
    1.0,
    1.0,
    1.0,
    1.0,
    1.0,
    1.0,
    1.0,
    1.0,
    1.0,
    1.0,
    1.0,
    1.0,
    1.0,
    1.0,
    1.0,
    1.0,
    1.0,
    1.0,
    1.0,
    1.0,
    1.0,
    0.7857142857142857,
    1.0,
    1.0,
    1.0,
    1.0,
    1.0,
    1.0,
    1.0,
    1.0,
    1.0,
    1.0,
    1.0,
    1.0,
    1.0,
    1.0,
    1.0,
    1.0,
    1.0,
    1.0,
    1.0,
    1.0,
    1.0,
    1.0,
    1.0,
    1.0,
    1.0,
    1.0,
    1.0,
    1.0,
    1.0,
    1.0,
    1.0,
    1.0,
    1.0,
    1.0,
    1.0,
    1.0,
    1.0,
    1.0,
    1.0,
    1.0,
    1.0,
    1.0,
    1.0,
    1.0,
    1.0,
    1.0,
    1.0,
    1.0,
    1.0,
    1.0,
    1.0,
    1.0
  ]
}