{
  "meta": {
    "n_images": 100,
    "loss": "osfd",
    "osfd_k": 3.0,
    "epsilon_px": 8.0,
    "n_iters": 40,
    "step_size_px": 2.0,
    "momentum": 0.9,
    "n_masks": 2,
    "pruning_scope": "backbone",
    "pruning_rate": 0.05,
    "pruning_types": [
      "Normalization"
    ],
    "aux_model": null,
    "low_freq_keep": 0.3,
    "patch_mask_size": 0,
    "patch_mask_count": 4
  },
  "clean_mAP": {
    "surrogate": {
      "AP": 0.5033212434719229,
      "AP50": 0.7176182720855805,
      "AP75": 0.5407217090094046
    },
    "fcos_r50": {
      "AP": 0.4727573838984877,
      "AP50": 0.6490356768027415,
      "AP75": 0.5007081380151347
    },
    "deformable_detr": {
      "AP": 0.5549425987487542,
      "AP50": 0.7278863020192412,
      "AP75": 0.5829137644254688
    },
    "yolov3_d53": {
      "AP": 0.44554968360764324,
      "AP50": 0.6545416585084273,
      "AP75": 0.4943450301001003
    },
    "yolox_l": {
      "AP": 0.5990644535722397,
      "AP50": 0.7546490484406234,
      "AP75": 0.6381842195687771
    },
    "mask_rcnn_swin_t": {
      "AP": 0.5382817776048221,
      "AP50": 0.7498002824651331,
      "AP75": 0.5738219642000043
    },
    "dino_swin_l": {
      "AP": 0.6594335544852405,
      "AP50": 0.8138563826556167,
      "AP75": 0.7332261477956664
    }
  },
  "adv_mAP": {
    "surrogate": {
      "AP": 0.0031951600436170564,
      "AP50": 0.004576616915840156,
      "AP75": 0.004549264954859192
    },
    "fcos_r50": {
      "AP": 0.04740804323916761,
      "AP50": 0.07481092334109961,
      "AP75": 0.04903739143904278
    },
    "deformable_detr": {
      "AP": 0.007949679802857993,
      "AP50": 0.012702268219412824,
      "AP75": 0.006416939718891489
    },
    "yolov3_d53": {
      "AP": 0.1470523227463121,
      "AP50": 0.24853792516673964,
      "AP75": 0.15048959985075283
    },
    "yolox_l": {
      "AP": 0.3020113964077018,
      "AP50": 0.41507088307971307,
      "AP75": 0.31749267849837887
    },
    "mask_rcnn_swin_t": {
      "AP": 0.22006097878220204,
      "AP50": 0.3266327886114819,
      "AP75": 0.2440536224912161
    },
    "dino_swin_l": {
      "AP": 0.5766208293573518,
      "AP50": 0.7517522085061248,
      "AP75": 0.603243203787636
    }
  },
  "wb_asr": 0.9880466472303207,
  "trf_asr": {
    "fcos_r50": 0.9232731554160125,
    "deformable_detr": 0.962219668087015,
    "yolov3_d53": 0.6450319521748094,
    "yolox_l": 0.464710101928147,
    "mask_rcnn_swin_t": 0.523991740789065,
    "dino_swin_l": 0.15998644151372632
  },
  "wb_per_image": [
    1.0,
    1.0,
    1.0,
    0.0,
    1.0,
    1.0,
    1.0,
    1.0,
    1.0,
    1.0,
    1.0,
    1.0,
    1.0,
    1.0,
    1.0,
    1.0,
    1.0,
    0.9,
    1.0,
    1.0,
    1.0,
    1.0,
    1.0,
    1.0,
    1.0,
    1.0,
    1.0,
    1.0,
    1.0,
    1.0,
    1.0,
    1.0,
    1.0,
    1.0,
    1.0,
    1.0,
    1.0,
    1.0,
    1.0,
    1.0,
    1.0,
    1.0,
    1.0,
    1.0,
    1.0,
    0.9285714285714286,
    1.0,
    1.0,
    1.0,
    1.0,
    1.0,
    1.0,
    1.0,
    1.0,
    1.0,
    1.0,
    1.0,
    1.0,
    1.0,
    1.0,
    1.0,
    1.0,
    1.0,
    1.0,
    1.0,
    1.0,
    1.0,
    1.0,
    1.0,
    1.0,
    1.0,
    1.0,
    1.0,
    1.0,
    1.0,
    1.0,
    1.0,
    1.0,
    1.0,
    1.0,
    1.0,
    1.0,
    1.0,
    1.0,
    1.0,
    1.0,
    1.0,
    1.0,
    1.0,
    1.0,
    1.0,
    1.0,
    1.0,
    1.0,
    1.0,
    1.0,
    1.0,
    1.0
  ]
}