{
  "meta": {
    "n_images": 100,
    "loss": "osfd",
    "osfd_k": 3.0,
    "epsilon_px": 8.0,
    "n_iters": 40,
    "step_size_px": 2.0,
    "momentum": 0.9,
    "n_masks": 2,
    "pruning_scope": "backbone",
    "pruning_rate": 0.05,
    "pruning_types": [
      "Normalization"
    ],
    "aux_model": null,
    "low_freq_keep": 0.0,
    "patch_mask_size": 32,
    "patch_mask_count": 4
  },
  "clean_mAP": {
    "surrogate": {
      "AP": 0.5033212434719229,
      "AP50": 0.7176182720855805,
      "AP75": 0.5407217090094046
    },
    "fcos_r50": {
      "AP": 0.4727573838984877,
      "AP50": 0.6490356768027415,
      "AP75": 0.5007081380151347
    },
    "deformable_detr": {
      "AP": 0.5549425987487542,
      "AP50": 0.7278863020192412,
      "AP75": 0.5829137644254688
    },
    "yolov3_d53": {
      "AP": 0.44554968360764324,
      "AP50": 0.6545416585084273,
      "AP75": 0.4943450301001003
    },
    "yolox_l": {
      "AP": 0.5990644535722397,
      "AP50": 0.7546490484406234,
      "AP75": 0.6381842195687771
    },
    "mask_rcnn_swin_t": {
      "AP": 0.5382817776048221,
      "AP50": 0.7498002824651331,
      "AP75": 0.5738219642000043
    },
    "dino_swin_l": {
      "AP": 0.6594335544852405,
      "AP50": 0.8138563826556167,
      "AP75": 0.7332261477956664
    }
  },
  "adv_mAP": {
    "surrogate": {
      "AP": 0.019068812513980585,
      "AP50": 0.02777816597317428,
      "AP75": 0.01958047164938958
    },
    "fcos_r50": {
      "AP": 0.1437245129168729,
      "AP50": 0.23247425456369422,
      "AP75": 0.1500934723864182
    },
    "deformable_detr": {
      "AP": 0.041511966085746525,
      "AP50": 0.06327229596669788,
      "AP75": 0.03924888489406202
    },
    "yolov3_d53": {
      "AP": 0.27809461436609695,
      "AP50": 0.4156230076714591,
      "AP75": 0.31496357962878324
    },
    "yolox_l": {
      "AP": 0.4041461541879785,
      "AP50": 0.5437434675850079,
      "AP75": 0.4264235819720751
    },
    "mask_rcnn_swin_t": {
      "AP": 0.32689923890993305,
      "AP50": 0.48913377849282985,
      "AP75": 0.35494470258046357
    },
    "dino_swin_l": {
      "AP": 0.6115688332157342,
      "AP50": 0.7818338611867703,
      "AP75": 0.6537208496560915
    }
  },
  "wb_asr": 0.9239329952146658,
  "trf_asr": {
    "fcos_r50": 0.7374873001148511,
    "deformable_detr": 0.888707919065062,
    "yolov3_d53": 0.3492671444202057,
    "yolox_l": 0.3062982272233078,
    "mask_rcnn_swin_t": 0.29309575356686307,
    "dino_swin_l": 0.10217836240462683
  },
  "wb_per_image": [
    0.8947368421052632,
    0.75,
    1.0,
    0.0,
    1.0,
    1.0,
    0.5,
    1.0,
    0.8333333333333334,
    1.0,
    1.0,
    1.0,
    1.0,
    1.0,
    1.0,
    1.0,
    0.6,
    0.6,
    1.0,
    0.75,
    0.8571428571428571,
    1.0,
    1.0,
    0.7692307692307693,
    1.0,
    0.5714285714285714,
    1.0,
    1.0,
    1.0,
    0.0,
    1.0,
    1.0,
    1.0,
    1.0,
    0.5,
    1.0,
    0.75,
    1.0,
    1.0,
    1.0,
    1.0,
    1.0,
    1.0,
    1.0,
    1.0,
    0.42857142857142855,
    1.0,
    1.0,
    1.0,
    1.0,
    1.0,
    1.0,
    1.0,
    1.0,
    1.0,
    1.0,
    1.0,
    1.0,
    1.0,
    0.8333333333333334,
    1.0,
    1.0,
    1.0,
    0.8235294117647058,
    1.0,
    1.0,
    1.0,
    1.0,
    0.6666666666666666,
    1.0,
    1.0,
    1.0,
    1.0,
    1.0,
    1.0,
    1.0,
    1.0,
    1.0,
    1.0,
    1.0,
    0.8,
    1.0,
    0.9285714285714286,
    0.8,
    1.0,
    0.8888888888888888,
    1.0,
    1.0,
    1.0,
    1.0,
    1.0,
    1.0,
    1.0,
    1.0,
    1.0,
    1.0,
    1.0,
    1.0
  ]
}