{
  "meta": {
    "n_images": 100,
    "loss": "osfd",
    "osfd_k": 3.0,
    "epsilon_px": 8.0,
    "n_iters": 40,
    "step_size_px": 2.0,
    "momentum": 0.9,
    "n_masks": 2,
    "pruning_scope": "backbone",
    "pruning_rate": 0.05,
    "pruning_types": [
      "Normalization"
    ],
    "aux_model": "/workspace/evasion-venv/lib/python3.10/site-packages/mmdet/.mim/configs/swin/mask-rcnn_swin-t-p4-w7_fpn_1x_coco.py"
  },
  "clean_mAP": {
    "surrogate": {
      "AP": 0.47917332617449754,
      "AP50": 0.6818722971801208,
      "AP75": 0.52338331421745
    },
    "fcos_r50": {
      "AP": 0.4801684468714137,
      "AP50": 0.6763637596259137,
      "AP75": 0.5204684622452268
    },
    "deformable_detr": {
      "AP": 0.5687710426436936,
      "AP50": 0.7417114188491208,
      "AP75": 0.628633790231593
    },
    "yolov3_d53": {
      "AP": 0.40823176858260607,
      "AP50": 0.6211010808252054,
      "AP75": 0.4781820457145966
    },
    "yolox_l": {
      "AP": 0.6168205894795622,
      "AP50": 0.7706909105573231,
      "AP75": 0.6902590350436449
    },
    "mask_rcnn_swin_t": {
      "AP": 0.5511484605876253,
      "AP50": 0.768697576177272,
      "AP75": 0.6000742879140478
    },
    "dino_swin_l": {
      "AP": 0.6762456355426057,
      "AP50": 0.8419041100893817,
      "AP75": 0.7492867189231052
    }
  },
  "adv_mAP": {
    "surrogate": {
      "AP": 0.24895854096878572,
      "AP50": 0.3861874787750391,
      "AP75": 0.24874504258519262
    },
    "fcos_r50": {
      "AP": 0.3661891679111974,
      "AP50": 0.5365627636025141,
      "AP75": 0.4054126794892138
    },
    "deformable_detr": {
      "AP": 0.38383821026824516,
      "AP50": 0.5206096829717664,
      "AP75": 0.4239026826109087
    },
    "yolov3_d53": {
      "AP": 0.36966188189733,
      "AP50": 0.5665823611896154,
      "AP75": 0.4280434720589169
    },
    "yolox_l": {
      "AP": 0.5817147793027142,
      "AP50": 0.7255712484666594,
      "AP75": 0.6380544101775069
    },
    "mask_rcnn_swin_t": {
      "AP": 0.2979126875705714,
      "AP50": 0.47046583221311944,
      "AP75": 0.30840386051737134
    },
    "dino_swin_l": {
      "AP": 0.6759657915832661,
      "AP50": 0.8462884201727627,
      "AP75": 0.7177501526049129
    }
  },
  "wb_asr": 0.4453614963467905,
  "trf_asr": {
    "fcos_r50": 0.2318401875901876,
    "deformable_detr": 0.3069901465755046,
    "yolov3_d53": 0.11803535353535352,
    "yolox_l": 0.10966260124464458,
    "mask_rcnn_swin_t": 0.3772966233113291,
    "dino_swin_l": 0.041278490028490024
  },
  "wb_per_image": [
    0.3333333333333333,
    0.6666666666666666,
    0.0,
    0.6666666666666666,
    0.25,
    0.6666666666666666,
    0.4,
    0.35294117647058826,
    0.75,
    0.0,
    1.0,
    0.0,
    0.0,
    0.0,
    0.3333333333333333,
    0.5,
    0.6666666666666666,
    0.0,
    0.14285714285714285,
    0.0,
    0.3333333333333333,
    1.0,
    0.0,
    0.4,
    0.125,
    1.0,
    1.0,
    0.75,
    0.0,
    0.45454545454545453,
    0.8461538461538461,
    0.5,
    0.0,
    1.0,
    0.07142857142857142,
    0.0,
    0.5,
    1.0,
    0.3333333333333333,
    1.0,
    0.5,
    0.23076923076923078,
    1.0,
    0.5,
    0.0,
    0.3076923076923077,
    0.1,
    0.4,
    1.0,
    1.0,
    0.25,
    0.375,
    1.0,
    0.2,
    0.2,
    0.6666666666666666,
    1.0,
    0.5,
    0.42857142857142855,
    1.0,
    0.42857142857142855,
    0.0,
    0.3333333333333333,
    0.25,
    0.8888888888888888,
    0.5,
    0.0,
    0.5,
    0.3125,
    0.875,
    0.0,
    0.3333333333333333,
    0.0,
    0.0,
    0.4,
    0.7142857142857143,
    0.0,
    0.1875,
    0.0,
    0.0,
    0.3,
    1.0,
    0.0,
    0.2,
    1.0,
    1.0,
    0.5,
    1.0,
    1.0,
    0.6666666666666666,
    0.5,
    0.0,
    1.0,
    1.0,
    1.0,
    0.3333333333333333,
    0.1111111111111111,
    0.0,
    0.0,
    0.5
  ]
}