{
  "meta": {
    "n_images": 100,
    "loss": "osfd",
    "osfd_k": 3.0,
    "epsilon_px": 8.0,
    "n_iters": 40,
    "step_size_px": 2.0,
    "momentum": 0.9,
    "n_masks": 2,
    "pruning_scope": "backbone",
    "pruning_rate": 0.05,
    "pruning_types": [
      "Normalization"
    ],
    "aux_model": null,
    "low_freq_keep": 0.5,
    "patch_mask_size": 32,
    "patch_mask_count": 4
  },
  "clean_mAP": {
    "surrogate": {
      "AP": 0.5033212434719229,
      "AP50": 0.7176182720855805,
      "AP75": 0.5407217090094046
    },
    "fcos_r50": {
      "AP": 0.4727573838984877,
      "AP50": 0.6490356768027415,
      "AP75": 0.5007081380151347
    },
    "deformable_detr": {
      "AP": 0.5549425987487542,
      "AP50": 0.7278863020192412,
      "AP75": 0.5829137644254688
    },
    "yolov3_d53": {
      "AP": 0.44554968360764324,
      "AP50": 0.6545416585084273,
      "AP75": 0.4943450301001003
    },
    "yolox_l": {
      "AP": 0.5990644535722397,
      "AP50": 0.7546490484406234,
      "AP75": 0.6381842195687771
    },
    "mask_rcnn_swin_t": {
      "AP": 0.5382817776048221,
      "AP50": 0.7498002824651331,
      "AP75": 0.5738219642000043
    },
    "dino_swin_l": {
      "AP": 0.6594335544852405,
      "AP50": 0.8138563826556167,
      "AP75": 0.7332261477956664
    }
  },
  "adv_mAP": {
    "surrogate": {
      "AP": 0.0009214824024611302,
      "AP50": 0.0013259199649320013,
      "AP75": 0.001298305017442754
    },
    "fcos_r50": {
      "AP": 0.05658295935891899,
      "AP50": 0.09439283712220639,
      "AP75": 0.05287642560662963
    },
    "deformable_detr": {
      "AP": 0.008132338846660031,
      "AP50": 0.011816349476159874,
      "AP75": 0.0069273052429148834
    },
    "yolov3_d53": {
      "AP": 0.20130017007987974,
      "AP50": 0.31096755358115236,
      "AP75": 0.23583790911634853
    },
    "yolox_l": {
      "AP": 0.2855342170046798,
      "AP50": 0.3856801923266436,
      "AP75": 0.2878247263626888
    },
    "mask_rcnn_swin_t": {
      "AP": 0.2461606048207481,
      "AP50": 0.3915828817604783,
      "AP75": 0.25038866432812673
    },
    "dino_swin_l": {
      "AP": 0.5728989721878146,
      "AP50": 0.754287175884178,
      "AP75": 0.6120285723195864
    }
  },
  "wb_asr": 0.9844023323615161,
  "trf_asr": {
    "fcos_r50": 0.9256690588323242,
    "deformable_detr": 0.968454249831801,
    "yolov3_d53": 0.5219578324170161,
    "yolox_l": 0.5058107440357709,
    "mask_rcnn_swin_t": 0.44256652340204183,
    "dino_swin_l": 0.14380268134704693
  },
  "wb_per_image": [
    1.0,
    1.0,
    1.0,
    0.0,
    1.0,
    1.0,
    1.0,
    1.0,
    1.0,
    1.0,
    1.0,
    1.0,
    1.0,
    1.0,
    1.0,
    1.0,
    1.0,
    0.9,
    1.0,
    1.0,
    1.0,
    1.0,
    1.0,
    1.0,
    1.0,
    0.7142857142857143,
    1.0,
    1.0,
    1.0,
    1.0,
    1.0,
    1.0,
    1.0,
    1.0,
    1.0,
    1.0,
    1.0,
    1.0,
    1.0,
    1.0,
    1.0,
    1.0,
    1.0,
    1.0,
    1.0,
    0.8571428571428571,
    1.0,
    1.0,
    1.0,
    1.0,
    1.0,
    1.0,
    1.0,
    1.0,
    1.0,
    1.0,
    1.0,
    1.0,
    1.0,
    1.0,
    1.0,
    1.0,
    1.0,
    1.0,
    1.0,
    1.0,
    1.0,
    1.0,
    1.0,
    1.0,
    1.0,
    1.0,
    1.0,
    1.0,
    1.0,
    1.0,
    1.0,
    1.0,
    1.0,
    1.0,
    1.0,
    1.0,
    1.0,
    1.0,
    1.0,
    1.0,
    1.0,
    1.0,
    1.0,
    1.0,
    1.0,
    1.0,
    1.0,
    1.0,
    1.0,
    1.0,
    1.0,
    1.0
  ]
}